{"cameraMode":{"drawMode":0,"name":"Shaded","section":"Shading Mode"},"sceneLighting":false,"audioPlay":false,"sceneViewState":{"m_AlwaysRefresh":false,"showFog":false,"showSkybox":false,"showFlares":false,"showImageEffects":false,"showParticleSystems":false,"showVisualEffectGraphs":true,"m_FxEnabled":true},"in2DMode":false,"pivot":{"x":0.14744770526885987,"y":0.6622971892356873,"z":0.01450645923614502},"rotation":{"x":0.1767916977405548,"y":-0.7544840574264526,"z":0.22596971690654756,"w":0.5902851819992065},"size":1.3387932777404786,"orthographic":false}