{"cameraMode":{"drawMode":0,"name":"Shaded","section":"Shading Mode"},"sceneLighting":false,"audioPlay":false,"sceneViewState":{"m_AlwaysRefresh":false,"showFog":false,"showSkybox":false,"showFlares":false,"showImageEffects":false,"showParticleSystems":false,"showVisualEffectGraphs":true,"m_FxEnabled":true},"in2DMode":false,"pivot":{"x":-0.3692007064819336,"y":0.39807379245758059,"z":0.13391482830047608},"rotation":{"x":0.14295898377895356,"y":-0.8274451494216919,"z":0.24376964569091798,"w":0.4852563142776489},"size":1.2784308195114136,"orthographic":false}